train_loss,valid_loss
0.05617424469975567,0.010531517104991716
0.041879232574773315,0.009676295615877477
